009;NULL;1;0;NULL;NULL;NULL
009;NULL;2;100108;NULL;NULL;NULL
009;NULL;3;166846;NULL;NULL;NULL
009;NULL;4;200216;NULL;NULL;NULL
009;NULL;5;233585;NULL;NULL;NULL
009;NULL;6;300323;NULL;NULL;NULL
009;NULL;7;333693;NULL;NULL;NULL
009;NULL;8;367062;NULL;NULL;NULL
009;NULL;9;400431;NULL;NULL;NULL
009;NULL;10;433800;NULL;NULL;NULL
009;NULL;11;467170;NULL;NULL;NULL
009;NULL;12;500539;NULL;NULL;NULL
009;NULL;13;533908;NULL;NULL;NULL
009;NULL;14;567277;NULL;NULL;NULL
009;NULL;15;600647;NULL;NULL;NULL
009;NULL;16;634016;NULL;NULL;NULL
009;NULL;17;667385;NULL;NULL;NULL
009;NULL;18;700754;NULL;NULL;NULL
009;NULL;19;734124;NULL;NULL;NULL
009;NULL;20;767493;NULL;NULL;NULL
009;NULL;21;800862;NULL;NULL;NULL
009;NULL;22;834231;NULL;NULL;NULL
009;NULL;23;867601;NULL;NULL;NULL
009;NULL;24;900970;NULL;NULL;NULL
009;NULL;25;934339;NULL;NULL;NULL
009;NULL;26;967708;NULL;NULL;NULL
009;NULL;27;1001078;NULL;NULL;NULL
009;NULL;28;1034447;NULL;NULL;NULL
009;NULL;29;1067816;NULL;NULL;NULL
009;NULL;30;1101185;NULL;NULL;NULL
009;NULL;31;1134555;NULL;NULL;NULL
009;NULL;32;1167924;NULL;NULL;NULL
009;NULL;33;1201293;NULL;NULL;NULL
009;NULL;34;1234662;NULL;NULL;NULL
009;NULL;35;1268032;NULL;NULL;NULL
009;NULL;36;1301401;NULL;NULL;NULL
009;NULL;37;1334770;NULL;NULL;NULL
009;NULL;38;1368139;NULL;NULL;NULL
009;NULL;39;1401509;NULL;NULL;NULL
009;NULL;40;1434878;NULL;NULL;NULL
009;NULL;41;1468247;NULL;NULL;NULL
009;NULL;42;1501616;NULL;NULL;NULL
009;NULL;43;1534986;NULL;NULL;NULL
009;NULL;44;1568355;NULL;NULL;NULL
009;NULL;45;1601724;NULL;NULL;NULL
009;NULL;46;1635093;NULL;NULL;NULL
009;NULL;47;1668463;NULL;NULL;NULL
009;NULL;48;1735201;NULL;NULL;NULL
009;NULL;49;1768570;NULL;NULL;NULL
009;NULL;50;1801940;NULL;NULL;NULL
009;NULL;51;1835309;NULL;NULL;NULL
009;NULL;52;1868678;NULL;NULL;NULL
009;NULL;53;1902047;NULL;NULL;NULL
009;NULL;54;1935417;NULL;NULL;NULL
009;NULL;55;1968786;NULL;NULL;NULL
009;NULL;56;2002155;NULL;NULL;NULL
009;NULL;57;2035524;NULL;NULL;NULL
009;NULL;58;2068894;NULL;NULL;NULL
009;NULL;59;2102263;NULL;NULL;NULL
009;NULL;60;2135632;NULL;NULL;NULL
009;NULL;61;2169001;NULL;NULL;NULL
009;NULL;62;2202371;NULL;NULL;NULL
009;NULL;63;2235740;NULL;NULL;NULL
009;NULL;64;2269109;NULL;NULL;NULL
009;NULL;65;2302478;NULL;NULL;NULL
009;NULL;66;2335848;NULL;NULL;NULL
009;NULL;67;2369217;NULL;NULL;NULL
009;NULL;68;2402586;NULL;NULL;NULL
009;NULL;69;2435955;NULL;NULL;NULL
009;NULL;70;2469325;NULL;NULL;NULL
009;NULL;71;2502694;NULL;NULL;NULL
009;NULL;72;2536063;NULL;NULL;NULL
009;NULL;73;2569432;NULL;NULL;NULL
009;NULL;74;2602802;NULL;NULL;NULL
009;NULL;75;2636171;NULL;NULL;NULL
009;NULL;76;2669540;NULL;NULL;NULL
009;NULL;77;2702909;NULL;NULL;NULL
009;NULL;78;2736279;NULL;NULL;NULL
009;NULL;79;2769648;NULL;NULL;NULL
009;NULL;80;2803017;NULL;NULL;NULL
009;NULL;81;2836386;NULL;NULL;NULL
009;NULL;82;2869756;NULL;NULL;NULL
009;NULL;83;2903125;NULL;NULL;NULL
009;001;84;2936494;1233.0;7;233
009;001;85;2969863;1332.0;7;241
009;001;86;3003233;1465.0;0;266
009;001;87;3036602;1526.0;7;266
009;001;88;3069971;1577.0;7;266
009;001;89;3103340;1805.0;7;233
009;001;90;3136710;1827.0;0;233
009;001;91;3170079;1884.0;0;233
009;001;92;3203448;1939.0;7;267
009;001;93;3236817;1939.0;42;264
009;001;94;3270187;1939.0;69;260
009;001;95;3303556;1947.0;79;254
009;001;96;3336925;1947.0;113;267
009;001;97;3370294;1952.0;161;256
009;001;98;3403664;1964.0;172;274
009;001;99;3437033;1994.0;172;275
009;001;100;3470402;1981.0;172;275
009;001;101;3503771;1972.0;218;260
009;001;102;3537141;1981.0;234;284
009;001;103;3570510;1989.0;263;287
009;001;104;3603879;2032.0;306;296
009;001;105;3637248;2061.0;339;289
009;001;106;3670618;2069.0;339;289
009;001;107;3703987;2065.0;339;289
009;001;108;3737356;2065.0;389;288
009;001;109;3770725;2063.0;415;260
009;001;110;3804095;2055.0;419;260
009;001;111;3837464;2023.0;416;260
009;001;112;3870833;2006.0;488;278
009;001;113;3904202;1994.0;488;278
009;001;114;3937572;1968.0;505;272
009;001;115;3970941;1947.0;553;266
009;001;116;4004310;1956.0;553;268
009;001;117;4037679;1943.0;577;241
009;001;118;4071049;1927.0;577;241
009;001;119;4104418;1927.0;620;259
009;001;120;4137787;1923.0;620;259
009;001;121;4171156;1875.0;634;234
009;001;122;4204526;1742.0;633;233
009;001;123;4237895;1705.0;633;232
009;001;124;4271264;1691.0;639;282
009;001;125;4304633;1666.0;639;282
009;001;126;4338003;1620.0;639;282
009;001;127;4371372;1563.0;639;282
009;001;128;4404741;1469.0;639;282
009;001;129;4438110;1373.0;639;295
009;001;130;4471480;1276.0;639;295
009;001;131;4504849;1216.0;636;288
009;NULL;132;4538218;NULL;NULL;NULL
009;NULL;133;4571587;NULL;NULL;NULL
009;NULL;134;4604957;NULL;NULL;NULL
009;NULL;135;4638326;NULL;NULL;NULL
009;NULL;136;4671695;NULL;NULL;NULL
009;NULL;137;4705064;NULL;NULL;NULL
009;NULL;138;4738434;NULL;NULL;NULL
009;NULL;139;4771803;NULL;NULL;NULL
009;NULL;140;4805172;NULL;NULL;NULL
009;NULL;141;4838541;NULL;NULL;NULL
009;NULL;142;4871911;NULL;NULL;NULL
009;NULL;143;4905280;NULL;NULL;NULL
009;NULL;144;4938649;NULL;NULL;NULL
009;NULL;145;4972018;NULL;NULL;NULL
009;NULL;146;5005388;NULL;NULL;NULL
009;NULL;147;5038757;NULL;NULL;NULL
009;NULL;148;5072126;NULL;NULL;NULL
009;NULL;149;5105495;NULL;NULL;NULL
009;NULL;150;5138865;NULL;NULL;NULL
009;NULL;151;5172234;NULL;NULL;NULL
009;NULL;152;5205603;NULL;NULL;NULL
009;NULL;153;5238972;NULL;NULL;NULL
009;NULL;154;5272342;NULL;NULL;NULL
009;NULL;155;5305711;NULL;NULL;NULL
009;NULL;156;5339080;NULL;NULL;NULL
009;NULL;157;5372449;NULL;NULL;NULL
009;NULL;158;5405819;NULL;NULL;NULL
009;NULL;159;5439188;NULL;NULL;NULL
009;NULL;160;5472557;NULL;NULL;NULL
009;NULL;161;5505926;NULL;NULL;NULL
009;NULL;162;5539296;NULL;NULL;NULL
009;NULL;163;5572665;NULL;NULL;NULL
009;NULL;164;5606034;NULL;NULL;NULL
009;NULL;165;5639403;NULL;NULL;NULL
009;NULL;166;5672773;NULL;NULL;NULL
009;NULL;167;5706142;NULL;NULL;NULL
009;NULL;168;5739511;NULL;NULL;NULL
009;NULL;169;5772880;NULL;NULL;NULL
009;NULL;170;5806250;NULL;NULL;NULL
009;NULL;171;5839619;NULL;NULL;NULL
009;NULL;172;5872988;NULL;NULL;NULL
009;NULL;173;5906357;NULL;NULL;NULL
009;NULL;174;5939727;NULL;NULL;NULL
009;NULL;175;5973096;NULL;NULL;NULL
009;NULL;176;6006465;NULL;NULL;NULL
009;NULL;177;6039834;NULL;NULL;NULL
009;NULL;178;6073204;NULL;NULL;NULL
009;NULL;179;6106573;NULL;NULL;NULL
009;NULL;180;6139942;NULL;NULL;NULL
009;NULL;181;6173311;NULL;NULL;NULL
009;NULL;182;6206681;NULL;NULL;NULL
009;NULL;183;6240050;NULL;NULL;NULL
009;NULL;184;6273419;NULL;NULL;NULL
009;NULL;185;6306788;NULL;NULL;NULL
009;NULL;186;6340158;NULL;NULL;NULL
009;002;187;6373527;1216.0;7;266
009;002;188;6406896;1297.0;7;266
009;002;189;6440265;1344.0;7;266
009;002;190;6473635;1501.0;7;241
009;002;191;6507004;1617.0;0;266
009;002;192;6540373;1637.0;0;266
009;002;193;6573742;1643.0;0;266
009;002;194;6607112;1650.0;42;264
009;002;195;6640481;1662.0;42;264
009;002;196;6673850;1675.0;79;254
009;002;197;6707219;1687.0;79;254
009;002;198;6740589;1697.0;113;267
009;002;199;6773958;1705.0;172;275
009;002;200;6807327;1719.0;172;275
009;002;201;6840696;1744.0;172;275
009;002;202;6874066;1708.0;174;269
009;002;203;6907435;1691.0;207;260
009;002;204;6940804;1734.0;223;279
009;002;205;6974173;1679.0;246;262
009;002;206;7007543;1679.0;278;260
009;002;207;7040912;1679.0;295;258
009;002;208;7074281;1685.0;323;257
009;002;209;7107650;1697.0;339;251
009;002;210;7141020;1714.0;361;265
009;002;211;7174389;1720.0;361;265
009;002;212;7207758;1738.0;395;270
009;002;213;7241127;1750.0;415;260
009;002;214;7274497;1750.0;415;260
009;002;215;7307866;1726.0;445;262
009;002;216;7341235;1726.0;459;263
009;002;217;7374604;1710.0;468;247
009;002;218;7407974;1710.0;503;246
009;002;219;7441343;1691.0;503;246
009;002;220;7474712;1672.0;552;266
009;002;221;7508081;1672.0;552;266
009;002;222;7541451;1672.0;601;270
009;002;223;7574820;1679.0;601;270
009;002;224;7608189;1675.0;620;259
009;002;225;7641558;1668.0;620;259
009;002;226;7674928;1624.0;620;259
009;002;227;7708297;1577.0;639;282
009;002;228;7741666;1504.0;636;276
009;002;229;7775035;1457.0;636;276
009;002;230;7808405;1389.0;636;276
009;002;231;7841774;1316.0;639;282
009;002;232;7875143;1219.0;637;271
009;NULL;233;7908512;NULL;NULL;NULL
009;NULL;234;7941882;NULL;NULL;NULL
009;NULL;235;7975251;NULL;NULL;NULL
009;NULL;236;8008620;NULL;NULL;NULL
009;NULL;237;8041989;NULL;NULL;NULL
009;NULL;238;8075359;NULL;NULL;NULL
009;NULL;239;8108728;NULL;NULL;NULL
009;NULL;240;8142097;NULL;NULL;NULL
009;NULL;241;8175466;NULL;NULL;NULL
009;NULL;242;8208836;NULL;NULL;NULL
009;NULL;243;8242205;NULL;NULL;NULL
009;NULL;244;8275574;NULL;NULL;NULL
009;NULL;245;8308943;NULL;NULL;NULL
009;NULL;246;8342313;NULL;NULL;NULL
009;NULL;247;8375682;NULL;NULL;NULL
009;NULL;248;8409051;NULL;NULL;NULL
009;NULL;249;8442420;NULL;NULL;NULL
009;NULL;250;8475790;NULL;NULL;NULL
009;NULL;251;8509159;NULL;NULL;NULL
009;NULL;252;8542528;NULL;NULL;NULL
009;NULL;253;8575897;NULL;NULL;NULL
009;NULL;254;8609267;NULL;NULL;NULL
009;NULL;255;8642636;NULL;NULL;NULL
009;NULL;256;8676005;NULL;NULL;NULL
009;NULL;257;8709374;NULL;NULL;NULL
009;NULL;258;8742744;NULL;NULL;NULL
009;NULL;259;8776113;NULL;NULL;NULL
009;NULL;260;8809482;NULL;NULL;NULL
009;NULL;261;8842851;NULL;NULL;NULL
009;NULL;262;8876221;NULL;NULL;NULL
009;NULL;263;8909590;NULL;NULL;NULL
009;NULL;264;8942959;NULL;NULL;NULL
009;NULL;265;8976328;NULL;NULL;NULL
009;NULL;266;9009698;NULL;NULL;NULL
009;NULL;267;9043067;NULL;NULL;NULL
009;NULL;268;9076436;NULL;NULL;NULL
009;NULL;269;9109805;NULL;NULL;NULL
009;NULL;270;9143175;NULL;NULL;NULL
009;NULL;271;9176544;NULL;NULL;NULL
009;NULL;272;9209913;NULL;NULL;NULL
009;NULL;273;9243282;NULL;NULL;NULL
009;NULL;274;9276652;NULL;NULL;NULL
009;NULL;275;9310021;NULL;NULL;NULL
009;NULL;276;9343390;NULL;NULL;NULL
009;NULL;277;9376759;NULL;NULL;NULL
009;NULL;278;9410129;NULL;NULL;NULL
009;NULL;279;9443498;NULL;NULL;NULL
009;NULL;280;9476867;NULL;NULL;NULL
009;NULL;281;9510236;NULL;NULL;NULL
009;NULL;282;9543606;NULL;NULL;NULL
009;NULL;283;9576975;NULL;NULL;NULL
009;NULL;284;9610344;NULL;NULL;NULL
009;NULL;285;9643713;NULL;NULL;NULL
009;NULL;286;9677083;NULL;NULL;NULL
009;003;287;9710452;1216.0;0;266
009;003;288;9743821;1257.0;7;266
009;003;289;9777190;1297.0;0;266
009;003;290;9810560;1363.0;7;266
009;003;291;9843929;1514.0;7;233
009;003;292;9877298;1592.0;7;233
009;003;293;9910667;1699.0;0;266
009;003;294;9944037;1710.0;0;266
009;003;295;9977406;1728.0;0;266
009;003;296;10010775;1728.0;42;264
009;003;297;10044144;1739.0;42;264
009;003;298;10077514;1739.0;79;254
009;003;299;10110883;1739.0;76;255
009;003;300;10144252;1739.0;113;267
009;003;301;10177621;1731.0;142;288
009;003;302;10210991;1750.0;172;275
009;003;303;10244360;1756.0;172;275
009;003;304;10277729;1739.0;179;260
009;003;305;10311098;1757.0;207;260
009;003;306;10344468;1762.0;218;260
009;003;307;10377837;1768.0;246;262
009;003;308;10411206;1779.0;278;260
009;003;309;10444575;1784.0;296;258
009;003;310;10477945;1805.0;339;289
009;003;311;10511314;1790.0;344;250
009;003;312;10544683;1799.0;387;289
009;003;313;10578052;1787.0;422;269
009;003;314;10611422;1793.0;415;260
009;003;315;10644791;1798.0;415;260
009;003;316;10678160;1775.0;420;261
009;003;317;10711529;1751.0;459;263
009;003;318;10744899;1745.0;467;243
009;003;319;10778268;1745.0;503;246
009;003;320;10811637;1745.0;503;246
009;003;321;10845006;1739.0;547;241
009;003;322;10878376;1750.0;577;241
009;003;323;10911745;1755.0;577;241
009;003;324;10945114;1739.0;577;241
009;003;325;10978483;1739.0;620;259
009;003;326;11011853;1722.0;620;259
009;003;327;11045222;1694.0;635;235
009;003;328;11078591;1656.0;620;259
009;003;329;11111960;1624.0;620;259
009;003;330;11145330;1587.0;633;233
009;003;331;11178699;1492.0;632;234
009;003;332;11212068;1436.0;639;282
009;003;333;11245437;1383.0;639;282
009;003;334;11278807;1336.0;639;282
009;003;335;11312176;1239.0;639;264
009;NULL;336;11345545;NULL;NULL;NULL
009;NULL;337;11378914;NULL;NULL;NULL
009;NULL;338;11412284;NULL;NULL;NULL
009;NULL;339;11445653;NULL;NULL;NULL
009;NULL;340;11479022;NULL;NULL;NULL
009;NULL;341;11512391;NULL;NULL;NULL
009;NULL;342;11545761;NULL;NULL;NULL
009;NULL;343;11579130;NULL;NULL;NULL
009;NULL;344;11612499;NULL;NULL;NULL
009;NULL;345;11645868;NULL;NULL;NULL
009;NULL;346;11679238;NULL;NULL;NULL
009;NULL;347;11712607;NULL;NULL;NULL
009;NULL;348;11745976;NULL;NULL;NULL
009;NULL;349;11779345;NULL;NULL;NULL
009;NULL;350;11812715;NULL;NULL;NULL
009;NULL;351;11846084;NULL;NULL;NULL
009;NULL;352;11879453;NULL;NULL;NULL
009;NULL;353;11912822;NULL;NULL;NULL
009;NULL;354;11946192;NULL;NULL;NULL
009;NULL;355;11979561;NULL;NULL;NULL
009;NULL;356;12012930;NULL;NULL;NULL
009;NULL;357;12046299;NULL;NULL;NULL
009;NULL;358;12079669;NULL;NULL;NULL
009;NULL;359;12113038;NULL;NULL;NULL
009;NULL;360;12146407;NULL;NULL;NULL
009;NULL;361;12179776;NULL;NULL;NULL
009;NULL;362;12213146;NULL;NULL;NULL
009;NULL;363;12246515;NULL;NULL;NULL
009;NULL;364;12279884;NULL;NULL;NULL
009;NULL;365;12313253;NULL;NULL;NULL
009;NULL;366;12346623;NULL;NULL;NULL
009;NULL;367;12379992;NULL;NULL;NULL
009;NULL;368;12413361;NULL;NULL;NULL
009;NULL;369;12446730;NULL;NULL;NULL
009;NULL;370;12480100;NULL;NULL;NULL
009;NULL;371;12513469;NULL;NULL;NULL
009;NULL;372;12546838;NULL;NULL;NULL
009;NULL;373;12580207;NULL;NULL;NULL
009;NULL;374;12613577;NULL;NULL;NULL
009;NULL;375;12646946;NULL;NULL;NULL
009;NULL;376;12680315;NULL;NULL;NULL
009;NULL;377;12713684;NULL;NULL;NULL
009;NULL;378;12747054;NULL;NULL;NULL
009;NULL;379;12780423;NULL;NULL;NULL
009;NULL;380;12813792;NULL;NULL;NULL
009;NULL;381;12847161;NULL;NULL;NULL
009;004;382;12880531;1216.0;7;266
009;004;383;12913900;1354.0;7;266
009;004;384;12947269;1398.0;7;266
009;004;385;12980638;1432.0;0;266
009;004;386;13014008;1465.0;0;266
009;004;387;13047377;1541.0;7;268
009;004;388;13080746;1766.0;7;266
009;004;389;13114115;1813.0;7;266
009;004;390;13147485;1870.0;7;266
009;004;391;13180854;1884.0;7;269
009;004;392;13214223;1884.0;0;266
009;004;393;13247592;1888.0;42;264
009;004;394;13280962;1893.0;0;266
009;004;395;13314331;1897.0;76;255
009;004;396;13347700;1893.0;79;254
009;004;397;13381069;1911.0;142;288
009;004;398;13414439;1935.0;168;278
009;004;399;13447808;1953.0;168;278
009;004;400;13481177;1967.0;172;275
009;004;401;13514546;1967.0;172;275
009;004;402;13547916;1989.0;172;275
009;004;403;13581285;1981.0;172;275
009;004;404;13614654;1981.0;205;287
009;004;405;13648023;1979.0;233;301
009;004;406;13681393;1997.0;306;296
009;004;407;13714762;2011.0;339;289
009;004;408;13748131;2019.0;339;289
009;004;409;13781500;2002.0;339;289
009;004;410;13814870;2024.0;339;289
009;004;411;13848239;2002.0;395;270
009;004;412;13881608;2002.0;419;260
009;004;413;13914977;1989.0;419;260
009;004;414;13948347;1989.0;415;260
009;004;415;13981716;1958.0;419;260
009;004;416;14015085;1943.0;504;246
009;004;417;14048454;1939.0;504;246
009;004;418;14081824;1947.0;504;246
009;004;419;14115193;1931.0;577;241
009;004;420;14148562;1935.0;577;241
009;004;421;14181931;1939.0;577;241
009;004;422;14215301;1919.0;608;241
009;004;423;14248670;1906.0;620;259
009;004;424;14282039;1879.0;620;259
009;004;425;14315408;1828.0;620;259
009;004;426;14348778;1773.0;639;282
009;004;427;14382147;1716.0;620;259
009;004;428;14415516;1637.0;629;252
009;004;429;14448885;1585.0;639;282
009;004;430;14482255;1517.0;639;282
009;004;431;14515624;1444.0;639;282
009;004;432;14548993;1306.0;639;295
009;004;433;14582362;1234.0;638;300
009;NULL;434;14615732;NULL;NULL;NULL
009;NULL;435;14649101;NULL;NULL;NULL
009;NULL;436;14682470;NULL;NULL;NULL
009;NULL;437;14715839;NULL;NULL;NULL
009;NULL;438;14749209;NULL;NULL;NULL
009;NULL;439;14782578;NULL;NULL;NULL
009;NULL;440;14815947;NULL;NULL;NULL
009;NULL;441;14849316;NULL;NULL;NULL
009;NULL;442;14882686;NULL;NULL;NULL
009;NULL;443;14916055;NULL;NULL;NULL
009;NULL;444;14949424;NULL;NULL;NULL
009;NULL;445;14982793;NULL;NULL;NULL
009;NULL;446;15016163;NULL;NULL;NULL
009;NULL;447;15049532;NULL;NULL;NULL
009;NULL;448;15082901;NULL;NULL;NULL
009;NULL;449;15149640;NULL;NULL;NULL
009;NULL;450;15249747;NULL;NULL;NULL
009;NULL;451;15283117;NULL;NULL;NULL
009;NULL;452;15316486;NULL;NULL;NULL
009;NULL;453;15349855;NULL;NULL;NULL
009;NULL;454;15383224;NULL;NULL;NULL
009;NULL;455;15416594;NULL;NULL;NULL
009;NULL;456;15449963;NULL;NULL;NULL
009;NULL;457;15483332;NULL;NULL;NULL
009;NULL;458;15516701;NULL;NULL;NULL
009;NULL;459;15550071;NULL;NULL;NULL
009;NULL;460;15583440;NULL;NULL;NULL
009;NULL;461;15616809;NULL;NULL;NULL
009;NULL;462;15650178;NULL;NULL;NULL
009;NULL;463;15683548;NULL;NULL;NULL
009;NULL;464;15716917;NULL;NULL;NULL
009;NULL;465;15750286;NULL;NULL;NULL
009;NULL;466;15783655;NULL;NULL;NULL
009;NULL;467;15817025;NULL;NULL;NULL
009;NULL;468;15850394;NULL;NULL;NULL
009;NULL;469;15950502;NULL;NULL;NULL
009;NULL;470;15983871;NULL;NULL;NULL
009;NULL;471;16017240;NULL;NULL;NULL
009;NULL;472;16050609;NULL;NULL;NULL
009;NULL;473;16083979;NULL;NULL;NULL
009;NULL;474;16117348;NULL;NULL;NULL
009;NULL;475;16150717;NULL;NULL;NULL
009;NULL;476;16184086;NULL;NULL;NULL
009;005;477;16217456;1277.0;7;266
009;005;478;16250825;1316.0;7;266
009;005;479;16284194;1514.0;7;235
009;005;480;16317563;1573.0;7;233
009;005;481;16350933;1624.0;0;266
009;005;482;16384302;1668.0;0;266
009;005;483;16417671;1662.0;42;264
009;005;484;16451040;1705.0;69;260
009;005;485;16484410;1728.0;79;254
009;005;486;16517779;1744.0;79;254
009;005;487;16551148;1755.0;79;254
009;005;488;16584517;1762.0;113;267
009;005;489;16617887;1768.0;161;256
009;005;490;16651256;1768.0;161;256
009;005;491;16684625;1757.0;161;256
009;005;492;16717994;1745.0;192;260
009;005;493;16751364;1745.0;223;261
009;005;494;16784733;1734.0;223;261
009;005;495;16818102;1734.0;276;260
009;005;496;16851471;1739.0;278;260
009;005;497;16884841;1751.0;300;258
009;005;498;16918210;1768.0;339;251
009;005;499;16951579;1779.0;348;249
009;005;500;16984948;1790.0;384;234
009;005;501;17018318;1795.0;384;234
009;005;502;17051687;1816.0;415;260
009;005;503;17085056;1806.0;436;232
009;005;504;17118425;1795.0;467;243
009;005;505;17151795;1773.0;466;243
009;005;506;17185164;1773.0;503;246
009;005;507;17218533;1751.0;504;246
009;005;508;17251902;1739.0;547;241
009;005;509;17285272;1728.0;577;241
009;005;510;17318641;1733.0;577;241
009;005;511;17352010;1716.0;600;237
009;005;512;17385379;1715.0;633;233
009;005;513;17418749;1694.0;637;228
009;005;514;17452118;1660.0;633;232
009;005;515;17485487;1606.0;632;235
009;005;516;17518856;1535.0;633;232
009;005;517;17552226;1465.0;629;197
009;005;518;17585595;1347.0;638;172
009;005;519;17618964;1271.0;636;185
009;NULL;520;17652333;NULL;NULL;NULL
009;NULL;521;17685703;NULL;NULL;NULL
009;NULL;522;17719072;NULL;NULL;NULL
009;NULL;523;17752441;NULL;NULL;NULL
009;NULL;524;17785810;NULL;NULL;NULL
009;NULL;525;17819180;NULL;NULL;NULL
009;NULL;526;17852549;NULL;NULL;NULL
009;NULL;527;17885918;NULL;NULL;NULL
009;NULL;528;17919287;NULL;NULL;NULL
009;NULL;529;17952657;NULL;NULL;NULL
009;NULL;530;17986026;NULL;NULL;NULL
009;NULL;531;18019395;NULL;NULL;NULL
009;NULL;532;18052764;NULL;NULL;NULL
009;NULL;533;18086134;NULL;NULL;NULL
009;NULL;534;18119503;NULL;NULL;NULL
009;NULL;535;18152872;NULL;NULL;NULL
009;NULL;536;18186241;NULL;NULL;NULL
009;NULL;537;18219611;NULL;NULL;NULL
009;NULL;538;18252980;NULL;NULL;NULL
009;NULL;539;18286349;NULL;NULL;NULL
009;NULL;540;18319718;NULL;NULL;NULL
009;NULL;541;18353088;NULL;NULL;NULL
009;NULL;542;18386457;NULL;NULL;NULL
009;NULL;543;18419826;NULL;NULL;NULL
009;NULL;544;18453195;NULL;NULL;NULL
009;NULL;545;18486565;NULL;NULL;NULL
009;NULL;546;18519934;NULL;NULL;NULL
009;NULL;547;18553303;NULL;NULL;NULL
009;NULL;548;18586672;NULL;NULL;NULL
009;NULL;549;18620042;NULL;NULL;NULL
009;NULL;550;18653411;NULL;NULL;NULL
009;NULL;551;18686780;NULL;NULL;NULL
009;NULL;552;18720149;NULL;NULL;NULL
009;NULL;553;18753519;NULL;NULL;NULL
009;NULL;554;18786888;NULL;NULL;NULL
009;NULL;555;18820257;NULL;NULL;NULL
009;NULL;556;18853626;NULL;NULL;NULL
009;NULL;557;18886996;NULL;NULL;NULL
009;NULL;558;18920365;NULL;NULL;NULL
009;NULL;559;18953734;NULL;NULL;NULL
009;NULL;560;18987103;NULL;NULL;NULL
009;NULL;561;19020473;NULL;NULL;NULL
009;NULL;562;19053842;NULL;NULL;NULL
009;NULL;563;19087211;NULL;NULL;NULL
009;NULL;564;19120580;NULL;NULL;NULL
009;NULL;565;19153950;NULL;NULL;NULL
009;NULL;566;19187319;NULL;NULL;NULL
009;NULL;567;19220688;NULL;NULL;NULL
009;NULL;568;19254057;NULL;NULL;NULL
009;NULL;569;19287427;NULL;NULL;NULL
009;NULL;570;19320796;NULL;NULL;NULL
009;NULL;571;19354165;NULL;NULL;NULL
009;NULL;572;19387534;NULL;NULL;NULL
009;NULL;573;19420904;NULL;NULL;NULL
009;NULL;574;19454273;NULL;NULL;NULL
009;NULL;575;19487642;NULL;NULL;NULL
009;NULL;576;19521011;NULL;NULL;NULL
009;NULL;577;19554381;NULL;NULL;NULL
009;NULL;578;19587750;NULL;NULL;NULL
009;NULL;579;19621119;NULL;NULL;NULL
009;NULL;580;19654488;NULL;NULL;NULL
009;NULL;581;19687858;NULL;NULL;NULL
009;NULL;582;19721227;NULL;NULL;NULL
009;NULL;583;19754596;NULL;NULL;NULL
009;NULL;584;19787965;NULL;NULL;NULL
009;NULL;585;19821335;NULL;NULL;NULL
009;NULL;586;19854704;NULL;NULL;NULL
009;NULL;587;19888073;NULL;NULL;NULL
009;NULL;588;19921442;NULL;NULL;NULL
009;NULL;589;19954812;NULL;NULL;NULL
009;NULL;590;19988181;NULL;NULL;NULL
009;NULL;591;20021550;NULL;NULL;NULL
009;NULL;592;20054919;NULL;NULL;NULL
009;NULL;593;20088289;NULL;NULL;NULL
009;NULL;594;20121658;NULL;NULL;NULL
009;NULL;595;20155027;NULL;NULL;NULL
009;NULL;596;20188396;NULL;NULL;NULL
009;NULL;597;20221766;NULL;NULL;NULL
009;NULL;598;20255135;NULL;NULL;NULL
009;006;599;20288504;1243.0;630;200
009;006;600;20321873;1289.0;630;201
009;006;601;20355243;1325.0;635;234
009;006;602;20388612;1507.0;636;185
009;006;603;20421981;1577.0;636;185
009;006;604;20455350;1612.0;636;171
009;006;605;20488720;1616.0;602;185
009;006;606;20522089;1616.0;602;185
009;006;607;20555458;1622.0;572;178
009;006;608;20588827;1634.0;550;197
009;006;609;20622197;1640.0;550;197
009;006;610;20655566;1640.0;550;197
009;006;611;20688935;1639.0;495;162
009;006;612;20722304;1649.0;468;185
009;006;613;20755674;1671.0;466;198
009;006;614;20789043;1681.0;445;206
009;006;615;20822412;1681.0;445;206
009;006;616;20855781;1699.0;404;204
009;006;617;20889151;1682.0;403;198
009;006;618;20922520;1675.0;401;206
009;006;619;20955889;1649.0;349;193
009;006;620;20989258;1645.0;327;173
009;006;621;21022628;1637.0;301;187
009;006;622;21055997;1631.0;301;187
009;006;623;21089366;1622.0;262;173
009;006;624;21122735;1616.0;262;173
009;006;625;21156105;1600.0;240;160
009;006;626;21189474;1606.0;197;166
009;006;627;21222843;1612.0;175;161
009;006;628;21256212;1612.0;175;161
009;006;629;21289582;1606.0;151;174
009;006;630;21322951;1600.0;117;177
009;006;631;21356320;1589.0;117;177
009;006;632;21389689;1583.0;88;185
009;006;633;21423059;1551.0;76;184
009;006;634;21456428;1532.0;43;189
009;006;635;21489797;1520.0;0;186
009;006;636;21523166;1526.0;0;186
009;006;637;21556536;1507.0;7;186
009;006;638;21589905;1448.0;0;186
009;006;639;21623274;1375.0;7;186
009;006;640;21656643;1288.0;7;186
009;006;641;21690013;1227.0;7;195
009;NULL;642;21723382;NULL;NULL;NULL
009;NULL;643;21756751;NULL;NULL;NULL
009;NULL;644;21790120;NULL;NULL;NULL
009;NULL;645;21823490;NULL;NULL;NULL
009;NULL;646;21856859;NULL;NULL;NULL
009;NULL;647;21890228;NULL;NULL;NULL
009;NULL;648;21923597;NULL;NULL;NULL
009;NULL;649;21956967;NULL;NULL;NULL
009;NULL;650;21990336;NULL;NULL;NULL
009;NULL;651;22023705;NULL;NULL;NULL
009;NULL;652;22057074;NULL;NULL;NULL
009;NULL;653;22090444;NULL;NULL;NULL
009;NULL;654;22123813;NULL;NULL;NULL
009;NULL;655;22157182;NULL;NULL;NULL
009;NULL;656;22190551;NULL;NULL;NULL
009;NULL;657;22223921;NULL;NULL;NULL
009;NULL;658;22257290;NULL;NULL;NULL
009;NULL;659;22290659;NULL;NULL;NULL
009;NULL;660;22324028;NULL;NULL;NULL
009;NULL;661;22357398;NULL;NULL;NULL
009;NULL;662;22390767;NULL;NULL;NULL
009;NULL;663;22424136;NULL;NULL;NULL
009;NULL;664;22457505;NULL;NULL;NULL
009;NULL;665;22490875;NULL;NULL;NULL
009;NULL;666;22524244;NULL;NULL;NULL
009;NULL;667;22557613;NULL;NULL;NULL
009;NULL;668;22590982;NULL;NULL;NULL
009;NULL;669;22624352;NULL;NULL;NULL
009;NULL;670;22657721;NULL;NULL;NULL
009;NULL;671;22724459;NULL;NULL;NULL
009;NULL;672;22757829;NULL;NULL;NULL
009;NULL;673;22791198;NULL;NULL;NULL
009;NULL;674;22824567;NULL;NULL;NULL
009;NULL;675;22857936;NULL;NULL;NULL
009;NULL;676;22891306;NULL;NULL;NULL
009;NULL;677;22924675;NULL;NULL;NULL
009;NULL;678;22958044;NULL;NULL;NULL
009;NULL;679;22991413;NULL;NULL;NULL
009;NULL;680;23024783;NULL;NULL;NULL
009;NULL;681;23058152;NULL;NULL;NULL
009;NULL;682;23091521;NULL;NULL;NULL
009;NULL;683;23124890;NULL;NULL;NULL
009;NULL;684;23158260;NULL;NULL;NULL
009;NULL;685;23191629;NULL;NULL;NULL
009;NULL;686;23224998;NULL;NULL;NULL
009;NULL;687;23258367;NULL;NULL;NULL
009;NULL;688;23291737;NULL;NULL;NULL
009;NULL;689;23325106;NULL;NULL;NULL
009;NULL;690;23358475;NULL;NULL;NULL
009;NULL;691;23391844;NULL;NULL;NULL
009;NULL;692;23425214;NULL;NULL;NULL
009;NULL;693;23458583;NULL;NULL;NULL
009;NULL;694;23491952;NULL;NULL;NULL
009;NULL;695;23525321;NULL;NULL;NULL
009;NULL;696;23558691;NULL;NULL;NULL
009;NULL;697;23592060;NULL;NULL;NULL
009;NULL;698;23625429;NULL;NULL;NULL
009;NULL;699;23658798;NULL;NULL;NULL
009;NULL;700;23692168;NULL;NULL;NULL
009;NULL;701;23725537;NULL;NULL;NULL
009;NULL;702;23758906;NULL;NULL;NULL
009;NULL;703;23792275;NULL;NULL;NULL
009;NULL;704;23825645;NULL;NULL;NULL
009;NULL;705;23859014;NULL;NULL;NULL
009;NULL;706;23892383;NULL;NULL;NULL
009;NULL;707;23925752;NULL;NULL;NULL
009;NULL;708;23959122;NULL;NULL;NULL
009;NULL;709;23992491;NULL;NULL;NULL
009;NULL;710;24025860;NULL;NULL;NULL
009;007;711;24059229;1216.0;638;171
009;007;712;24092599;1271.0;637;186
009;007;713;24125968;1324.0;629;197
009;007;714;24159337;1378.0;636;171
009;007;715;24192706;1574.0;636;168
009;007;716;24226076;1634.0;636;171
009;007;717;24259445;1656.0;636;171
009;007;718;24292814;1667.0;606;163
009;007;719;24326183;1672.0;589;154
009;007;720;24359553;1667.0;569;152
009;007;721;24392922;1656.0;528;142
009;007;722;24426291;1656.0;528;142
009;007;723;24459660;1667.0;493;158
009;007;724;24493030;1656.0;481;150
009;007;725;24526399;1667.0;435;143
009;007;726;24559768;1683.0;416;157
009;007;727;24593137;1694.0;399;156
009;007;728;24626507;1694.0;375;157
009;007;729;24659876;1703.0;350;142
009;007;730;24693245;1693.0;325;148
009;007;731;24726614;1682.0;325;148
009;007;732;24759984;1672.0;292;152
009;007;733;24793353;1646.0;249;146
009;007;734;24826722;1640.0;240;160
009;007;735;24860091;1619.0;231;141
009;007;736;24893461;1618.0;175;161
009;007;737;24926830;1612.0;175;161
009;007;738;24960199;1603.0;129;155
009;007;739;24993568;1608.0;129;155
009;007;740;25026938;1590.0;78;145
009;007;741;25060307;1590.0;78;145
009;007;742;25093676;1582.0;53;172
009;007;743;25127045;1580.0;24;141
009;007;744;25160415;1580.0;7;143
009;007;745;25193784;1551.0;0;186
009;007;746;25227153;1516.0;9;149
009;007;747;25260522;1461.0;7;186
009;007;748;25293892;1392.0;7;154
009;007;749;25327261;1329.0;7;150
009;NULL;750;25360630;NULL;NULL;NULL
009;NULL;751;25393999;NULL;NULL;NULL
009;NULL;752;25427369;NULL;NULL;NULL
009;NULL;753;25460738;NULL;NULL;NULL
009;NULL;754;25494107;NULL;NULL;NULL
009;NULL;755;25527476;NULL;NULL;NULL
009;NULL;756;25560846;NULL;NULL;NULL
009;NULL;757;25594215;NULL;NULL;NULL
009;NULL;758;25627584;NULL;NULL;NULL
009;NULL;759;25660953;NULL;NULL;NULL
009;NULL;760;25694323;NULL;NULL;NULL
009;NULL;761;25727692;NULL;NULL;NULL
009;NULL;762;25761061;NULL;NULL;NULL
009;NULL;763;25794430;NULL;NULL;NULL
009;NULL;764;25827800;NULL;NULL;NULL
009;NULL;765;25861169;NULL;NULL;NULL
009;NULL;766;25894538;NULL;NULL;NULL
009;NULL;767;25927907;NULL;NULL;NULL
009;NULL;768;25961277;NULL;NULL;NULL
009;NULL;769;25994646;NULL;NULL;NULL
009;NULL;770;26028015;NULL;NULL;NULL
009;NULL;771;26061384;NULL;NULL;NULL
009;NULL;772;26094754;NULL;NULL;NULL
009;NULL;773;26128123;NULL;NULL;NULL
009;NULL;774;26161492;NULL;NULL;NULL
009;NULL;775;26194861;NULL;NULL;NULL
009;NULL;776;26228231;NULL;NULL;NULL
009;NULL;777;26261600;NULL;NULL;NULL
009;NULL;778;26294969;NULL;NULL;NULL
009;NULL;779;26328338;NULL;NULL;NULL
009;NULL;780;26361708;NULL;NULL;NULL
009;NULL;781;26395077;NULL;NULL;NULL
009;NULL;782;26428446;NULL;NULL;NULL
009;NULL;783;26461815;NULL;NULL;NULL
009;NULL;784;26495185;NULL;NULL;NULL
009;NULL;785;26528554;NULL;NULL;NULL
009;NULL;786;26561923;NULL;NULL;NULL
009;NULL;787;26595292;NULL;NULL;NULL
009;NULL;788;26628662;NULL;NULL;NULL
009;NULL;789;26662031;NULL;NULL;NULL
009;NULL;790;26695400;NULL;NULL;NULL
009;NULL;791;26728769;NULL;NULL;NULL
009;NULL;792;26762139;NULL;NULL;NULL
009;NULL;793;26795508;NULL;NULL;NULL
009;NULL;794;26828877;NULL;NULL;NULL
009;NULL;795;26862246;NULL;NULL;NULL
009;NULL;796;26895616;NULL;NULL;NULL
009;NULL;797;26928985;NULL;NULL;NULL
009;NULL;798;26962354;NULL;NULL;NULL
009;NULL;799;26995723;NULL;NULL;NULL
009;NULL;800;27029093;NULL;NULL;NULL
009;NULL;801;27062462;NULL;NULL;NULL
009;NULL;802;27095831;NULL;NULL;NULL
009;NULL;803;27129200;NULL;NULL;NULL
009;NULL;804;27162570;NULL;NULL;NULL
009;008;805;27195939;1214.0;637;223
009;008;806;27229308;1289.0;636;222
009;008;807;27262677;1401.0;637;235
009;008;808;27296047;1485.0;638;248
009;008;809;27329416;1542.0;639;261
009;008;810;27362785;1626.0;639;282
009;008;811;27396154;1809.0;633;232
009;008;812;27429524;1858.0;633;232
009;008;813;27462893;1891.0;619;226
009;008;814;27496262;1923.0;594;256
009;008;815;27529631;1947.0;577;241
009;008;816;27563001;1959.0;578;241
009;008;817;27596370;1975.0;512;230
009;008;818;27629739;1996.0;503;246
009;008;819;27663108;2011.0;503;246
009;008;820;27696478;2019.0;478;248
009;008;821;27729847;2021.0;459;263
009;008;822;27763216;2039.0;420;261
009;008;823;27796585;2013.0;415;257
009;008;824;27829955;2004.0;384;234
009;008;825;27863324;1988.0;361;255
009;008;826;27896693;1959.0;348;227
009;008;827;27930062;1943.0;324;236
009;008;828;27963432;1918.0;302;237
009;008;829;27996801;1903.0;226;220
009;008;830;28030170;1903.0;223;220
009;008;831;28063539;1911.0;223;220
009;008;832;28096909;1891.0;204;214
009;008;833;28130278;1892.0;166;199
009;008;834;28163647;1888.0;166;199
009;008;835;28197016;1892.0;131;203
009;008;836;28230386;1896.0;82;202
009;008;837;28263755;1888.0;81;202
009;008;838;28297124;1864.0;81;202
009;008;839;28330493;1850.0;0;186
009;008;840;28363863;1835.0;0;186
009;008;841;28397232;1811.0;7;186
009;008;842;28430601;1774.0;7;186
009;008;843;28463970;1619.0;0;186
009;008;844;28497340;1592.0;7;186
009;008;845;28530709;1556.0;0;266
009;008;846;28564078;1534.0;8;233
009;008;847;28597447;1488.0;7;266
009;008;848;28630817;1413.0;7;233
009;008;849;28664186;1314.0;7;223
009;008;850;28697555;1234.0;7;223
009;NULL;851;28730924;NULL;NULL;NULL
009;NULL;852;28764294;NULL;NULL;NULL
009;NULL;853;28797663;NULL;NULL;NULL
009;NULL;854;28831032;NULL;NULL;NULL
009;NULL;855;28864401;NULL;NULL;NULL
009;NULL;856;28897771;NULL;NULL;NULL
009;NULL;857;28931140;NULL;NULL;NULL
009;NULL;858;28964509;NULL;NULL;NULL
009;NULL;859;28997878;NULL;NULL;NULL
009;NULL;860;29031248;NULL;NULL;NULL
009;NULL;861;29064617;NULL;NULL;NULL
009;NULL;862;29097986;NULL;NULL;NULL
009;NULL;863;29131355;NULL;NULL;NULL
009;NULL;864;29164725;NULL;NULL;NULL
009;NULL;865;29198094;NULL;NULL;NULL
009;NULL;866;29231463;NULL;NULL;NULL
009;NULL;867;29264832;NULL;NULL;NULL
009;NULL;868;29298202;NULL;NULL;NULL
009;NULL;869;29331571;NULL;NULL;NULL
009;NULL;870;29364940;NULL;NULL;NULL
009;NULL;871;29398309;NULL;NULL;NULL
009;NULL;872;29431679;NULL;NULL;NULL
009;NULL;873;29465048;NULL;NULL;NULL
009;NULL;874;29498417;NULL;NULL;NULL
009;NULL;875;29531786;NULL;NULL;NULL
009;NULL;876;29565156;NULL;NULL;NULL
009;NULL;877;29598525;NULL;NULL;NULL
009;NULL;878;29631894;NULL;NULL;NULL
009;NULL;879;29665263;NULL;NULL;NULL
009;NULL;880;29698633;NULL;NULL;NULL
009;NULL;881;29732002;NULL;NULL;NULL
009;NULL;882;29765371;NULL;NULL;NULL
009;NULL;883;29798740;NULL;NULL;NULL
009;NULL;884;29832110;NULL;NULL;NULL
009;NULL;885;29865479;NULL;NULL;NULL
009;NULL;886;29898848;NULL;NULL;NULL
009;NULL;887;29932217;NULL;NULL;NULL
009;NULL;888;29965587;NULL;NULL;NULL
009;NULL;889;30032325;NULL;NULL;NULL
009;NULL;890;30065694;NULL;NULL;NULL
009;NULL;891;30099064;NULL;NULL;NULL
009;NULL;892;30132433;NULL;NULL;NULL
009;NULL;893;30165802;NULL;NULL;NULL
009;NULL;894;30199171;NULL;NULL;NULL
009;NULL;895;30232541;NULL;NULL;NULL
009;NULL;896;30265910;NULL;NULL;NULL
009;NULL;897;30299279;NULL;NULL;NULL
009;NULL;898;30332648;NULL;NULL;NULL
009;NULL;899;30366018;NULL;NULL;NULL
009;NULL;900;30399387;NULL;NULL;NULL
009;NULL;901;30432756;NULL;NULL;NULL
009;NULL;902;30466125;NULL;NULL;NULL
009;NULL;903;30499495;NULL;NULL;NULL
009;NULL;904;30532864;NULL;NULL;NULL
009;NULL;905;30566233;NULL;NULL;NULL
009;NULL;906;30599602;NULL;NULL;NULL
009;NULL;907;30632972;NULL;NULL;NULL
009;NULL;908;30666341;NULL;NULL;NULL
009;NULL;909;30699710;NULL;NULL;NULL
009;NULL;910;30733079;NULL;NULL;NULL
009;NULL;911;30766449;NULL;NULL;NULL
009;NULL;912;30799818;NULL;NULL;NULL
009;NULL;913;30833187;NULL;NULL;NULL
009;NULL;914;30866556;NULL;NULL;NULL
009;NULL;915;30899926;NULL;NULL;NULL
009;009;916;30933295;1225.0;637;171
009;009;917;30966664;1261.0;632;201
009;009;918;31000033;1297.0;637;171
009;009;919;31033403;1315.0;632;201
009;009;920;31066772;1357.0;638;223
009;009;921;31100141;1565.0;637;186
009;009;922;31133510;1634.0;636;185
009;009;923;31166880;1656.0;632;201
009;009;924;31200249;1656.0;634;186
009;009;925;31233618;1661.0;602;185
009;009;926;31266987;1672.0;602;185
009;009;927;31300357;1711.0;550;197
009;009;928;31333726;1733.0;550;197
009;009;929;31367095;1743.0;550;197
009;009;930;31400464;1738.0;550;197
009;009;931;31433834;1738.0;502;213
009;009;932;31467203;1755.0;445;206
009;009;933;31500572;1764.0;466;198
009;009;934;31533941;1777.0;445;206
009;009;935;31567311;1766.0;445;206
009;009;936;31600680;1761.0;403;204
009;009;937;31634049;1755.0;403;204
009;009;938;31667418;1722.0;364;199
009;009;939;31700788;1700.0;364;199
009;009;940;31734157;1688.0;324;198
009;009;941;31767526;1694.0;301;187
009;009;942;31800895;1677.0;301;187
009;009;943;31834265;1678.0;262;173
009;009;944;31867634;1672.0;233;199
009;009;945;31901003;1683.0;219;195
009;009;946;31934372;1688.0;194;194
009;009;947;32001111;1688.0;166;199
009;009;948;32034480;1672.0;150;178
009;009;949;32067849;1678.0;131;203
009;009;950;32101219;1667.0;114;184
009;009;951;32134588;1651.0;88;185
009;009;952;32167957;1645.0;81;202
009;009;953;32201326;1622.0;81;202
009;009;954;32234696;1600.0;54;204
009;009;955;32268065;1597.0;7;186
009;009;956;32301434;1597.0;7;186
009;009;957;32334803;1574.0;7;186
009;009;958;32368173;1526.0;7;186
009;009;959;32401542;1481.0;7;190
009;009;960;32434911;1420.0;7;195
009;009;961;32468280;1349.0;0;233
009;009;962;32501650;1306.0;0;233
009;009;963;32535019;1224.0;7;233
009;NULL;964;32568388;NULL;NULL;NULL
009;NULL;965;32601757;NULL;NULL;NULL
009;NULL;966;32635127;NULL;NULL;NULL
009;NULL;967;32668496;NULL;NULL;NULL
009;NULL;968;32701865;NULL;NULL;NULL
009;NULL;969;32735234;NULL;NULL;NULL
009;NULL;970;32768604;NULL;NULL;NULL
009;NULL;971;32801973;NULL;NULL;NULL
009;NULL;972;32835342;NULL;NULL;NULL
009;NULL;973;32868711;NULL;NULL;NULL
009;NULL;974;32902081;NULL;NULL;NULL
009;NULL;975;32935450;NULL;NULL;NULL
009;NULL;976;32968819;NULL;NULL;NULL
009;NULL;977;33002188;NULL;NULL;NULL
009;NULL;978;33035558;NULL;NULL;NULL
009;NULL;979;33068927;NULL;NULL;NULL
009;NULL;980;33102296;NULL;NULL;NULL
009;NULL;981;33135665;NULL;NULL;NULL
009;NULL;982;33169035;NULL;NULL;NULL
009;NULL;983;33202404;NULL;NULL;NULL
009;NULL;984;33235773;NULL;NULL;NULL
009;NULL;985;33269142;NULL;NULL;NULL
009;NULL;986;33302512;NULL;NULL;NULL
009;NULL;987;33335881;NULL;NULL;NULL
009;NULL;988;33369250;NULL;NULL;NULL
009;NULL;989;33402619;NULL;NULL;NULL
009;NULL;990;33435989;NULL;NULL;NULL
009;NULL;991;33469358;NULL;NULL;NULL
009;NULL;992;33502727;NULL;NULL;NULL
009;NULL;993;33536096;NULL;NULL;NULL
009;NULL;994;33569466;NULL;NULL;NULL
009;NULL;995;33602835;NULL;NULL;NULL
009;NULL;996;33636204;NULL;NULL;NULL
009;NULL;997;33669573;NULL;NULL;NULL
009;NULL;998;33702943;NULL;NULL;NULL
009;NULL;999;33736312;NULL;NULL;NULL
009;NULL;1000;33769681;NULL;NULL;NULL
009;NULL;1001;33803050;NULL;NULL;NULL
009;NULL;1002;33836420;NULL;NULL;NULL
009;NULL;1003;33869789;NULL;NULL;NULL
009;NULL;1004;33903158;NULL;NULL;NULL
009;NULL;1005;33936527;NULL;NULL;NULL
009;NULL;1006;33969897;NULL;NULL;NULL
009;NULL;1007;34003266;NULL;NULL;NULL
009;NULL;1008;34036635;NULL;NULL;NULL
009;010;1009;34070004;1206.0;637;185
009;010;1010;34103374;1322.0;638;192
009;010;1011;34136743;1378.0;638;171
009;010;1012;34170112;1417.0;637;235
009;010;1013;34203481;1467.0;639;173
009;010;1014;34236851;1745.0;633;201
009;010;1015;34270220;1796.0;629;197
009;010;1016;34303589;1827.0;632;201
009;010;1017;34336958;1832.0;633;232
009;010;1018;34370328;1860.0;627;199
009;010;1019;34403697;1890.0;562;208
009;010;1020;34437066;1899.0;562;208
009;010;1021;34470435;1907.0;562;208
009;010;1022;34503805;1923.0;550;199
009;010;1023;34537174;1923.0;487;221
009;010;1024;34570543;1927.0;512;230
009;010;1025;34603912;1935.0;445;206
009;010;1026;34637282;1931.0;466;198
009;010;1027;34670651;1931.0;445;206
009;010;1028;34704020;1918.0;409;205
009;010;1029;34737389;1910.0;403;204
009;010;1030;34770759;1888.0;382;211
009;010;1031;34804128;1865.0;364;199
009;010;1032;34837497;1852.0;337;176
009;010;1033;34870866;1850.0;301;187
009;010;1034;34904236;1845.0;301;187
009;010;1035;34937605;1852.0;262;173
009;010;1036;34970974;1845.0;240;160
009;010;1037;35004343;1841.0;177;162
009;010;1038;35037713;1841.0;175;161
009;010;1039;35071082;1849.0;175;161
009;010;1040;35104451;1827.0;129;155
009;010;1041;35137820;1823.0;129;156
009;010;1042;35171190;1808.0;113;183
009;010;1043;35204559;1800.0;88;185
009;010;1044;35237928;1760.0;65;198
009;010;1045;35271297;1752.0;43;189
009;010;1046;35304667;1748.0;0;186
009;010;1047;35338036;1739.0;7;187
009;010;1048;35371405;1696.0;0;186
009;010;1049;35404774;1641.0;7;186
009;010;1050;35438144;1597.0;7;186
009;010;1051;35471513;1557.0;7;187
009;010;1052;35504882;1443.0;7;233
009;010;1053;35538251;1390.0;7;195
009;010;1054;35571621;1329.0;7;186
009;NULL;1055;35604990;NULL;NULL;NULL
009;NULL;1056;35638359;NULL;NULL;NULL
009;NULL;1057;35671728;NULL;NULL;NULL
009;NULL;1058;35705098;NULL;NULL;NULL
009;NULL;1059;35738467;NULL;NULL;NULL
009;NULL;1060;35771836;NULL;NULL;NULL
009;NULL;1061;35805205;NULL;NULL;NULL
009;NULL;1062;35838575;NULL;NULL;NULL
009;NULL;1063;35871944;NULL;NULL;NULL
009;NULL;1064;35905313;NULL;NULL;NULL
009;NULL;1065;35938682;NULL;NULL;NULL
009;NULL;1066;35972052;NULL;NULL;NULL
009;NULL;1067;36005421;NULL;NULL;NULL
009;NULL;1068;36038790;NULL;NULL;NULL
009;NULL;1069;36072159;NULL;NULL;NULL
009;NULL;1070;36105529;NULL;NULL;NULL
009;NULL;1071;36138898;NULL;NULL;NULL
009;NULL;1072;36172267;NULL;NULL;NULL
009;NULL;1073;36205636;NULL;NULL;NULL
009;NULL;1074;36239006;NULL;NULL;NULL
009;NULL;1075;36272375;NULL;NULL;NULL
009;NULL;1076;36305744;NULL;NULL;NULL
009;NULL;1077;36339113;NULL;NULL;NULL
009;NULL;1078;36372483;NULL;NULL;NULL
009;NULL;1079;36405852;NULL;NULL;NULL
009;NULL;1080;36439221;NULL;NULL;NULL
009;NULL;1081;36472590;NULL;NULL;NULL
009;NULL;1082;36505960;NULL;NULL;NULL
009;NULL;1083;36539329;NULL;NULL;NULL
009;NULL;1084;36572698;NULL;NULL;NULL
009;NULL;1085;36606067;NULL;NULL;NULL
009;NULL;1086;36639437;NULL;NULL;NULL
009;NULL;1087;36672806;NULL;NULL;NULL
009;NULL;1088;36706175;NULL;NULL;NULL
009;NULL;1089;36739544;NULL;NULL;NULL
009;NULL;1090;36772914;NULL;NULL;NULL
009;NULL;1091;36806283;NULL;NULL;NULL
009;NULL;1092;36839652;NULL;NULL;NULL
009;NULL;1093;36873021;NULL;NULL;NULL
009;NULL;1094;36906391;NULL;NULL;NULL
009;NULL;1095;36939760;NULL;NULL;NULL
009;NULL;1096;36973129;NULL;NULL;NULL
009;NULL;1097;37006498;NULL;NULL;NULL
009;NULL;1098;37039868;NULL;NULL;NULL
009;NULL;1099;37073237;NULL;NULL;NULL
009;NULL;1100;37106606;NULL;NULL;NULL
009;NULL;1101;37139975;NULL;NULL;NULL
009;NULL;1102;37173345;NULL;NULL;NULL
